BEGIN TRANSACTION;
CREATE TABLE IF NOT EXISTS "Eleves" (
	"id"	INTEGER NOT NULL,
	"prenom"	TEXT NOT NULL,
	"nom"	TEXT NOT NULL,
	"classe"	TEXT NOT NULL,
	"date_naissance"	NUMERIC NOT NULL,
	PRIMARY KEY("id"),
	FOREIGN KEY("classe") REFERENCES "Classes"("classe")
);
CREATE TABLE IF NOT EXISTS "Classes" (
	"classe"	TEXT NOT NULL,
	"nom"	TEXT NOT NULL,
	"prenom"	TEXT NOT NULL,
	PRIMARY KEY("classe")
);
CREATE TABLE IF NOT EXISTS "Profs" (
	"nom"	TEXT NOT NULL,
	"prenom"	TEXT NOT NULL,
	"matiere"	TEXT NOT NULL,
	"salle"	TEXT NOT NULL UNIQUE,
	PRIMARY KEY("nom")
);
INSERT INTO "Eleves" ("id","prenom","nom","classe","date_naissance") VALUES (0,'Ernest','Legrand','TG2','02:02:12'),
 (1,'Jean-yves','Petit','TG1','01:03:13'),
 (2,'Sophie','Allexandre','TG2','02:05:21'),
 (3,'Jocelin','Lamirand','TG2','01:10:16'),
 (4,'Eve','Lawniczak','TG1','02:06:23'),
 (5,'Gaëlle','Prudhomme','TG3','02:04:12'),
 (6,'Christophe','Scherer','TG4','02:03:13'),
 (7,'Corentin','Sten','TG3','01:06:21'),
 (8,'Condette','Sophie','TG4','01:12:06'),
 (9,'Emeline','Vanherzek','TG4','02:01:03'),
 (10,'Louise','Vandhamme','TG1','00:12:24'),
 (11,'Pierre','Techec','TG3','02:11:22'),
 (12,'Abdel','Arabah','TG1','02:09:17'),
 (13,'Matéo','Diterlizi','TG4','02:08:13'),
 (14,'Pierre','Perrin','TG1','02:07:04'),
 (15,'Léo','Lawnisak','TG2','02:11:05'),
 (16,'Perrine','Lannoy','TG1','01:12:07'),
 (17,'Youcef','Ourcenar','TG3','02:04:27'),
 (18,'Ursula','Andrews','TG4','02:02:13'),
 (19,'Céline','Dyon','TG1','02:02:12'),
 (20,'François','Fledman','TG1','01:12:12'),
 (21,'Hypollite','Legentil','TG2','00:12:24'),
 (22,'Franklin','Latortue','TG2','01:10:13'),
 (23,'Théodore','Grosvelte','TG4','02:13:01'),
 (24,'Alan','Turing','TG3','03:08:08'),
 (25,'Mata','Hari','TG3','00:07:29'),
 (26,'Steve','Boulot','TG1','02:01:13'),
 (27,'Bill','Porte','TG1','02:01:13'),
 (28,'Pete','Sambrasse','TG2','01:11:11'),
 (29,'Ada','Loveless','TG3','02:12:12'),
 (30,'Grace','Hopper','TG3','01:09:09'),
 (31,'Margarette','Hamilton','TG3','01:09:28'),
 (32,'Susanne','Kare','TG3','02:11:29'),
 (33,'Michelle','Baker','TG3','02:12:13'),
 (34,'Edith','Petitmoineau','TG4','02:06:19'),
 (35,'Eddie','Van Nalen','TG4','02:09:13'),
 (36,'Fred','Di Mercuri','TG4','00:08:24'),
 (37,'Kurt','Cobène','TG4','01:07:13'),
 (38,'John','Citron','TG1','02:05:17'),
 (39,'Daniel','Baleblé','TG1','01:04:16'),
 (40,'Jimmy','N’drix','TG2','02:12:21'),
 (41,'Annie','Cordy','TG2','02:01:13'),
 (42,'Diana','Lanneau','TG2','02:02:12'),
 (43,'France','Gall','TG1','01:01:01');
INSERT INTO "Classes" ("classe","nom","prenom") VALUES ('TG1','Pruvost','Jean'),
 ('TG3','Duquesne','Jean'),
 ('TG4','Szczezcz','Kasek'),
 ('TG2','Dupond','Louis');
INSERT INTO "Profs" ("nom","prenom","matiere","salle") VALUES ('Pruvost','Jean','Anglais','101'),
 ('Dupond','Louis','Mathématique','209'),
 ('Duquesne','Jean','NSI','102'),
 ('Szcezcz','Kasek','Français','212'),
 ('Alain','Posteur','SNT','404');
COMMIT;
